,antecedents,consequents,antecedent support,consequent support,support,confidence,lift,leverage,conviction,source,target
0,22699,22697,0.05447941888619855,0.05569007263922518,0.04600484261501211,0.8444444444444444,15.16328502415459,0.04297087981989693,6.0705638187478375,ROSES REGENCY TEACUP AND SAUCER ,GREEN REGENCY TEACUP AND SAUCER
1,22697,22699,0.05569007263922518,0.05447941888619855,0.04600484261501211,0.8260869565217391,15.16328502415459,0.04297087981989693,5.436743341404358,GREEN REGENCY TEACUP AND SAUCER,ROSES REGENCY TEACUP AND SAUCER 
